{"cameraMode":{"drawMode":0,"name":"Shaded","section":"Shading Mode"},"sceneLighting":true,"audioPlay":false,"sceneViewState":{"showFog":true,"showMaterialUpdate":false,"showSkybox":true,"showFlares":true,"showImageEffects":true,"showParticleSystems":true},"in2DMode":false,"pivot":{"x":642.5248413085938,"y":3.0866737365722658,"z":-4.090423583984375},"rotation":{"x":-0.0026902584359049799,"y":-0.006004865746945143,"z":-0.000016195665011764504,"w":0.9999787211418152},"size":666.0555419921875,"orthographic":false}